equipamento,faixa,perc_ate30,perc_dias_criticos_DIA_INTEIRO,hora_pico,perc_ate30_no_pico,perc_dias_criticos_no_pico
CTTU-9460,C,88.51088294610074,100.0,15.0,93.2293485119629,100.0
CTTU-9111,B,83.71922388800239,100.0,19.0,93.2728042140296,100.0
CTTU-9472,D,82.37464904807142,100.0,18.0,85.62814165397731,100.0
CTTU-9457,A,81.853953730014,100.0,17.0,91.74393885738064,100.0
CTTU-9460,A,80.83918067599353,98.29787234042553,5.0,88.21837667653334,97.70642201834863
CTTU-9458,B,80.22301189096166,100.0,18.0,90.7289524540682,100.0
CTTU-9457,B,78.19143571880541,100.0,17.0,87.84322218482083,100.0
CTTU-9460,B,77.19522392950876,97.87234042553192,17.0,84.14351218834135,95.4954954954955
CTTU-9447,C,74.28839731707639,72.80701754385966,18.0,75.85346329894303,83.09859154929578
CTTU-9111,A,73.7222927848568,99.54954954954955,17.0,85.06708220318433,99.53271028037383
CTTU-9458,A,71.6363405995046,100.0,18.0,79.0273675627729,100.0
CTTU-9456,B,57.45154293544202,93.64406779661016,18.0,67.67835617066982,99.09909909909909
CTTU-9469,B,56.829669354311285,78.66666666666666,4.0,83.53122827178676,95.92760180995475
CTTU-9465,D,56.21561663890958,93.64406779661016,1.0,78.7661552906562,95.04504504504504
CTTU-9483,D,55.753033672450925,77.08333333333334,4.0,80.97302692056945,90.21739130434783
CTTU-9456,A,54.2889795732287,69.0677966101695,17.0,64.75470909143387,84.75336322869956
CTTU-9462,C,47.69344786365225,37.02127659574468,17.0,60.137272330262796,79.90867579908677
CTTU-9449,A,44.9555401570002,30.603448275862068,9.0,54.383102505571784,65.89861751152074
CTTU-9465,A,44.104500864931076,21.610169491525426,23.0,66.46011959556591,91.8918918918919
CTTU-9449,B,42.66433430037458,21.982758620689655,9.0,52.63484430685498,59.907834101382484
CTTU-9462,B,42.29943701838081,22.127659574468083,8.0,56.87944423446491,58.79629629629629
CTTU-9462,A,41.990343194918516,20.425531914893615,8.0,63.12732640442802,69.44444444444444
CTTU-9449,C,40.61818606474646,12.931034482758621,18.0,45.78196385313272,36.405529953917046
CTTU-9477,B,39.79939119589014,8.333333333333332,8.0,51.39149136717657,39.81481481481482
CTTU-9451,A,38.71746118428672,18.614718614718615,7.0,79.16426661455229,75.5868544600939
CTTU-9478,B,37.9207695526482,18.51851851851852,18.0,58.38672772476494,62.03703703703704
CTTU-9461,A,37.429012972460704,13.617021276595745,8.0,44.78334817369418,39.436619718309856
CTTU-9454,B,37.178101079516544,20.33898305084746,7.0,60.558002832306705,69.19642857142857
CTTU-9447,A,35.88835995549448,39.03508771929825,7.0,57.149489296004404,55.86854460093896
CTTU-9438,A,35.821025573999044,6.3559322033898304,12.0,45.49449745065313,54.46428571428571
CTTU-9451,C,35.228562671691606,6.926406926406926,7.0,63.80897060651858,57.81990521327014
CTTU-9438,B,34.92280036984482,5.508474576271186,17.0,52.750718856367065,63.22869955156951
CTTU-9452,A,33.73799185060015,0.4273504273504274,20.0,40.79771259324954,11.682242990654206
CTTU-9447,B,33.63173712236284,35.08771929824561,7.0,56.77259927191918,55.39906103286385
CTTU-9453,C,33.03125103358451,0.851063829787234,17.0,57.46670715291739,63.67713004484305
CTTU-9461,C,33.011870466036655,4.25531914893617,8.0,47.23846640551803,42.72300469483568
CTTU-9459,C,31.448481176923437,0.425531914893617,8.0,49.991495750191675,37.55656108597285
CTTU-9473,D,30.28651811316963,3.070175438596491,18.0,43.04969557200816,37.83783783783784
CTTU-9478,A,29.456451720384724,5.555555555555555,18.0,55.2268161457448,64.81481481481481
CTTU-9461,B,29.420679702436903,1.276595744680851,8.0,42.78228633660187,38.028169014084504
CTTU-9466,D,28.156350126427444,1.9047619047619049,7.0,39.4815374947577,26.842105263157894
CTTU-9474,A,28.078092529804223,1.550387596899225,17.0,44.51389352117101,41.732283464566926
CTTU-9455,B,27.438999758717557,0.0,17.0,37.55856177578819,4.464285714285714
CTTU-9474,B,26.87073046672719,0.0,17.0,43.12363408835085,31.496062992125985
CTTU-9471,D,26.656345316044217,0.43668122270742354,9.0,37.19850539927074,23.22274881516588
CTTU-9451,B,26.493989258102317,0.0,7.0,64.79725538473794,55.714285714285715
CTTU-9450,A,22.79927957403635,0.0,4.0,50.1475435152361,42.72300469483568
CTTU-9454,A,21.659982973329935,0.847457627118644,7.0,46.39029820865725,45.089285714285715
CTTU-9443,A,21.55772995572818,6.986899563318777,7.0,33.05999106656775,30.952380952380953
CTTU-9452,C,20.948089225789694,0.4273504273504274,17.0,28.63093591598435,0.0
CTTU-9452,B,20.0857100665127,0.0,18.0,26.419985569590214,0.9090909090909091
CTTU-9472,C,19.588362694975775,0.0,17.0,30.311089256791412,13.839285714285715
CTTU-9465,C,19.043341125211903,0.0,2.0,24.998843860352668,0.4524886877828055
CTTU-9459,B,18.994346223774343,0.0,8.0,39.49878129525373,32.126696832579185
CTTU-9481,C,18.84064345168065,15.476190476190476,5.0,50.755282194783035,33.33333333333333
CTTU-9470,D,17.182453666222695,0.851063829787234,3.0,32.13299812678695,32.298136645962735
CTTU-9464,D,16.95982114238092,7.203389830508475,8.0,28.264299842600625,15.246636771300448
CTTU-9459,A,16.435655385880278,0.0,9.0,36.191641192300615,27.601809954751133
CTTU-9477,A,16.419300173187583,0.0,7.0,33.575636331220636,30.555555555555557
CTTU-9443,C,16.212275938013242,26.637554585152838,7.0,45.53776904736851,42.18009478672986
CTTU-9482,D,16.11333812998938,2.083333333333333,4.0,51.26270733012306,67.41573033707866
CTTU-9466,A,15.577080679263059,1.9047619047619049,8.0,48.1770052538396,49.473684210526315
CTTU-9476,B,14.823750119916005,0.0,18.0,33.368880056060696,16.50485436893204
CTTU-9473,A,14.012896950817627,3.070175438596491,18.0,32.44203324706169,25.77777777777778
CTTU-9443,B,13.72847960847072,9.170305676855897,7.0,32.24013839053946,30.952380952380953
CTTU-9464,C,13.55145554039962,0.423728813559322,8.0,25.683046727911687,14.349775784753364
CTTU-9480,C,13.537428146999936,0.0,5.0,20.803544766827656,0.0
CTTU-9442,C,13.27126276956225,26.29310344827586,5.0,39.783181529977135,32.857142857142854
CTTU-9448,C,13.138500846411597,0.0,17.0,33.6810472913428,19.90950226244344
CTTU-9467,D,12.904966393666516,0.0,18.0,30.152479377837455,17.08542713567839
CTTU-9442,A,12.221999381814493,1.293103448275862,9.0,13.028656100231007,9.859154929577464
CTTU-9475,B,12.053911753046766,0.0,4.0,20.101357046979707,0.0
CTTU-9466,B,11.865828109419922,0.0,8.0,45.59477218969265,47.89473684210526
CTTU-9467,C,11.848888740237804,0.0,17.0,36.6601093847723,32.82828282828283
CTTU-9448,A,11.601122817416018,0.0,17.0,21.455438216101403,6.787330316742081
CTTU-9466,C,11.582407108688852,0.47393364928909953,8.0,45.07751302243544,46.31578947368421
CTTU-9453,A,11.552104048800986,0.0,17.0,43.67044193827127,50.672645739910315
CTTU-9465,B,11.213451928351724,0.0,1.0,21.590730343013636,0.0
CTTU-9445,C,11.144302312795514,0.43103448275862066,4.0,49.50736967637365,64.97175141242938
CTTU-9481,B,10.815020846694349,0.0,18.0,13.924967499582857,1.2048192771084338
CTTU-9463,D,10.810545480508353,0.0,3.0,32.63346021093817,36.54822335025381
CTTU-9472,A,10.77476570325734,2.643171806167401,4.0,16.561424322135657,6.8807339449541285
CTTU-9481,A,10.426120758123375,0.0,2.0,32.47602486252162,31.25
CTTU-9448,B,10.274874319549816,0.0,17.0,25.525602605731006,11.312217194570136
CTTU-9469,A,10.246155355097779,0.0,4.0,15.034523680953845,0.0
CTTU-9473,C,9.595274688846699,0.43859649122807015,18.0,27.10298505103158,17.77777777777778
CTTU-9453,B,9.213882241373769,0.0,17.0,41.76347624611848,48.4304932735426
CTTU-9479,C,8.933902135032982,0.0,18.0,22.851130349715856,5.747126436781609
CTTU-9455,A,8.632208787007638,0.0,18.0,18.916709668757054,2.242152466367713
CTTU-9468,B,8.621797594294852,0.0,7.0,11.75414396122156,0.0
CTTU-9464,B,8.597099230613063,0.0,8.0,18.790956614499596,12.10762331838565
CTTU-9476,A,8.481676194141805,0.0,18.0,23.361594672642834,9.615384615384617
CTTU-9473,B,8.119606414199252,1.3157894736842104,18.0,25.90139946704691,15.555555555555555
CTTU-9467,A,8.048051743510365,0.0,17.0,22.061683157998935,11.616161616161616
CTTU-9463,A,7.347022657601343,0.0,17.0,27.82320569401519,18.385650224215247
CTTU-9463,C,7.280150322638618,0.0,17.0,25.713291009095855,14.798206278026907
CTTU-9463,B,7.145350335801126,0.0,17.0,24.964469799266897,12.556053811659194
CTTU-9467,B,6.94812642552276,0.0,17.0,23.768535539638957,13.131313131313133
CTTU-9471,C,6.87933887980192,0.0,9.0,19.39957284241319,16.587677725118482
CTTU-9442,B,6.392595271376635,13.793103448275861,17.0,17.796752815386288,14.61187214611872
CTTU-9464,A,5.844342181097735,0.0,8.0,14.692218108653224,9.417040358744394
CTTU-9440,B,5.726144188535291,0.0,5.0,28.97720500504402,28.431372549019606
CTTU-9472,B,5.662755568897613,0.4405286343612335,17.0,15.285141342721063,9.821428571428571
CTTU-9471,A,5.58205073240443,0.0,18.0,15.510382712657343,12.264150943396226
CTTU-9444,C,5.292932747660058,0.0,4.0,25.02210535045529,24.761904761904763
CTTU-9471,B,4.354901378902362,0.0,18.0,14.601074550548821,10.849056603773585
CTTU-9480,B,4.337535574868476,0.0,18.0,9.961239858059075,0.0
CTTU-9479,A,4.107074980898665,0.0,18.0,10.976554047486449,3.4090909090909087
CTTU-9479,B,3.8322994538209545,0.0,18.0,15.128019040851605,3.4090909090909087
CTTU-9475,A,3.6574534121642333,0.0,7.0,7.856833409071026,1.8691588785046727
CTTU-9439,A,3.5567041474728063,0.0,18.0,9.2326913644725,4.739336492890995
CTTU-9482,C,3.5339838531447114,0.0,18.0,10.962302170493118,5.208333333333334
CTTU-9483,C,3.0994168193481078,0.0,7.0,8.413593482929409,3.125
CTTU-9480,A,2.9944903386703516,0.0,18.0,6.17086851848666,0.0
CTTU-9445,A,2.978689677719766,0.0,17.0,15.930685262056269,5.045871559633028
CTTU-9483,A,2.9554453974114674,0.0,7.0,8.394592882691308,4.166666666666666
CTTU-9445,B,2.9308491019727794,0.0,17.0,15.724714998307793,4.587155963302752
CTTU-9470,A,2.7647041316973207,0.0,6.0,6.500192726860133,2.262443438914027
CTTU-9468,A,2.6238731099998285,0.0,18.0,4.161188650824323,0.0
CTTU-9440,A,2.531909132501097,0.0,18.0,5.836009468296335,1.8957345971563981
CTTU-9446,C,2.3318330628384674,0.0,4.0,48.01391897586401,56.060606060606055
CTTU-9483,B,2.157716097241605,0.0,7.0,8.510290950560996,4.166666666666666
CTTU-9450,B,2.0684804906452876,0.0,17.0,9.142702307752018,3.153153153153153
CTTU-9439,B,1.8926700789233406,0.0,18.0,6.656371769089689,4.265402843601896
CTTU-9450,C,1.8778485476658466,0.0,17.0,7.429878197215021,3.153153153153153
CTTU-9482,A,1.789331226688769,0.0,18.0,5.552969887224969,4.166666666666666
CTTU-9470,C,1.6539659176280541,0.0,9.0,4.864506296562568,2.2522522522522523
CTTU-9482,B,1.5911410735526013,0.0,18.0,6.440816066555858,4.166666666666666
CTTU-9444,A,0.9408225426745607,0.0,8.0,5.836725259019753,4.587155963302752
CTTU-9444,B,0.8640077955941138,0.0,8.0,6.176130772449424,4.587155963302752
CTTU-9470,B,0.7319911687407772,0.0,7.0,3.145998362516641,1.8018018018018018
CTTU-9446,A,0.4097241585557368,0.0,4.0,3.9912356004608633,0.0
CTTU-9446,B,0.30647492429348494,0.0,21.0,2.56760899481301,2.7649769585253456
